family,severity,name,accuracy,macro_f1,weighted_f1,delta_accuracy,delta_macro_f1,relative_accuracy_drop
rotation,5deg,rotation:5deg,0.7903448275862069,0.7901393046167116,0.7901393046167117,-0.03310344827586198,-0.03402046297220096,0.040201005025125525
rotation,10deg,rotation:10deg,0.7418390804597701,0.7438627615851059,0.743862761585106,-0.08160919540229883,-0.08029700600380663,0.09910664433277497
rotation,20deg,rotation:20deg,0.4636781609195402,0.4637768604099847,0.4637768604099846,-0.3597701149425287,-0.3603829071789278,0.4369067560022334
brightness,x0.6,brightness:x0.6,0.7970114942528735,0.799138327474559,0.799138327474559,-0.02643678160919538,-0.025021440114353477,0.03210496929089891
brightness,x0.8,brightness:x0.8,0.8144827586206896,0.8156494524663882,0.8156494524663883,-0.008965517241379284,-0.008510315122524315,0.010887772194304826
brightness,x1.4,brightness:x1.4,0.7935632183908046,0.7936539822759926,0.7936539822759926,-0.029885057471264354,-0.03050578531291992,0.03629257398101618
blur,sigma0.5,blur:sigma0.5,0.8225287356321839,0.8232831464522586,0.8232831464522585,-0.0009195402298850519,-0.0008766211366538768,0.0011166945840312607
blur,sigma1.0,blur:sigma1.0,0.8002298850574713,0.8016222687038812,0.801622268703881,-0.023218390804597644,-0.022537498885031315,0.028196538246789436
blur,sigma2.0,blur:sigma2.0,0.6480459770114942,0.6483214923055092,0.6483214923055093,-0.17540229885057468,-0.17583827528340334,0.21300949190396423
translation,5pct,translation:5pct,0.7682758620689655,0.7676980146232576,0.7676980146232577,-0.05517241379310345,-0.05646175296565492,0.06700167504187605
translation,10pct,translation:10pct,0.6489655172413793,0.6507354693108214,0.6507354693108214,-0.17448275862068963,-0.17342429827809114,0.21189279731993296
translation,15pct,translation:15pct,0.5048275862068966,0.5073865298590047,0.5073865298590047,-0.3186206896551723,-0.31677323772990784,0.38693467336683407
