run,model,augmentation,seed,params,best_epoch,val_accuracy,val_macro_f1,test_accuracy,test_precision_macro,test_recall_macro,test_macro_f1,test_weighted_f1,test_n,wall_seconds
aslnet_gap_e30_seed42,aslnet_gap,False,42,35723,28,0.9537931034482758,0.9538678105895768,0.9496551724137932,0.9515615163773761,0.949655172413793,0.9499746794995656,0.9499746794995656,4350,379.9
aslnet_gap_e30_seed43,aslnet_gap,False,43,35723,27,0.9273563218390805,0.9273005237749793,0.9220689655172414,0.9253796265407173,0.9220689655172414,0.9221682704598936,0.9221682704598938,4350,372.9
aslnet_gap_e30_seed44,aslnet_gap,False,44,35723,28,0.9517241379310345,0.9517003792378368,0.9494252873563218,0.950651820630645,0.9494252873563219,0.9492384151402862,0.9492384151402862,4350,372.8
baseline_e30_seed42,aslnet_original,False,42,757433,24,0.9740229885057471,0.9740267945930883,0.9634482758620689,0.9639321133761698,0.963448275862069,0.9634093635722801,0.9634093635722801,4350,995.9
baseline_seed42,aslnet_original,False,42,757433,10,0.9572413793103448,0.9571833081207981,0.9501149425287356,0.9514650222704086,0.9501149425287356,0.9501001425091176,0.9501001425091176,4350,130.0
baseline_e30_seed43,aslnet_original,False,43,757433,30,0.9650574712643678,0.9652265155215832,0.9602298850574713,0.9612520965167091,0.9602298850574712,0.960329448944144,0.960329448944144,4350,1118.5
baseline_seed43,aslnet_original,False,43,757433,10,0.9324137931034483,0.9324378921156454,0.9193103448275862,0.9212108303370974,0.9193103448275861,0.9192363251928393,0.9192363251928394,4350,125.8
baseline_e30_seed44,aslnet_original,False,44,757433,28,0.9659770114942529,0.9659994212993127,0.9616091954022988,0.9622566600805886,0.9616091954022987,0.9617215293092711,0.961721529309271,4350,622.7
baseline_seed44,aslnet_original,False,44,757433,10,0.9252873563218391,0.9252156698407571,0.9245977011494253,0.9262463066068097,0.9245977011494253,0.9244321405952611,0.9244321405952611,4350,124.5
augmented_e30_seed42,aslnet_original,True,42,757433,24,0.9489655172413793,0.9490769545639798,0.9342528735632184,0.9373301323329977,0.9342528735632184,0.934746426334774,0.934746426334774,4350,1144.0
augmented_seed42,aslnet_original,True,42,757433,9,0.8733333333333333,0.8749992399000595,0.8673563218390805,0.876392281692719,0.8673563218390803,0.8687331293521011,0.8687331293521009,4350,271.0
augmented_seed43,aslnet_original,True,43,757433,10,0.8586206896551725,0.8581680699786678,0.8468965517241379,0.8587220516676662,0.8468965517241381,0.8467635788627599,0.8467635788627598,4350,2281.5
augmented_seed44,aslnet_original,True,44,757433,10,0.8239080459770115,0.8228828697890446,0.8158620689655173,0.8228506384474037,0.8158620689655173,0.8144972083425289,0.8144972083425289,4350,2247.6
aslnet_relu_seed42,aslnet_relu,False,42,757433,10,0.9728735632183908,0.9728041946358501,0.973103448275862,0.9734780102511903,0.973103448275862,0.9730236547945402,0.9730236547945401,4350,991.7
aslnet_relu_seed43,aslnet_relu,False,43,757433,10,0.9586206896551724,0.9584855970718192,0.9551724137931035,0.956167904691805,0.9551724137931036,0.9547986135147688,0.9547986135147687,4350,1153.0
aslnet_relu_seed44,aslnet_relu,False,44,757433,10,0.9717241379310345,0.9717950831280298,0.9719540229885058,0.972226698212112,0.9719540229885058,0.9719746655136752,0.9719746655136753,4350,1154.8
aslnet_relu_aug_seed42,aslnet_relu,True,42,757433,10,0.9236781609195402,0.9238298378485129,0.9209195402298851,0.92527641784714,0.9209195402298852,0.9213094633844299,0.9213094633844299,4350,2191.7
aslnet_relu_aug_seed43,aslnet_relu,True,43,757433,9,0.7560919540229885,0.7514057093596292,0.7501149425287357,0.7579282314826746,0.7501149425287358,0.7445681312391118,0.7445681312391116,4350,2174.4
aslnet_relu_aug_seed44,aslnet_relu,True,44,757433,10,0.9273563218390805,0.9279934713270731,0.9285057471264367,0.9335884796855383,0.9285057471264367,0.9293705648685431,0.9293705648685429,4350,2189.5
